Trait,F1 Score,Precision,Recall,Accuracy
Confidence,0.2530850688745426,0.3726984126984127,0.33428280491782436,0.4025641025641026
Emotional Stability,0.21761430202055795,0.21469455231678594,0.2962639109697933,0.3435897435897436
Creativity,0.3451229815454928,0.37717496834171377,0.37508486663814006,0.4025641025641026
Decision-Making,0.24108357485065357,0.40733801717408274,0.3401702653183111,0.39487179487179486
