Trait,F1 Score,Precision,Recall,Accuracy
Confidence,0.1869918699186992,0.13450292397660818,0.3066666666666667,0.3898305084745763
Emotional Stability,0.23443223443223446,0.1807909604519774,0.3333333333333333,0.5423728813559322
Creativity,0.12037037037037036,0.07344632768361582,0.3333333333333333,0.22033898305084745
Decision-Making,0.15789473684210525,0.10909090909090909,0.2857142857142857,0.3050847457627119
