Trait,F1 Score,Precision,Recall,Accuracy
Openness,0.1717171717171717,0.11564625850340136,0.3333333333333333,0.3469387755102041
Conscientiousness,0.1772784019975031,0.1207482993197279,0.3333333333333333,0.3622448979591837
Extraversion,0.16602809706257982,0.11054421768707483,0.3333333333333333,0.33163265306122447
Agreeableness,0.15625,0.10204081632653061,0.3333333333333333,0.30612244897959184
Neuroticism,0.1641025641025641,0.10884353741496598,0.3333333333333333,0.32653061224489793
