Mean_Accuracy,Mean_F1_Macro,Mean_F1_Weighted,Mean_Precision,Mean_Recall,Std_Accuracy,Std_F1_Macro
0.4025423728813559,0.2841731192762804,0.3163395598358941,0.33921621392982576,0.3640769092618825,0.06037206291853818,0.06635314727806374
